<?xml version="1.0" encoding="utf-8"?>
<odoo>
    <data noupdate="0">

        <!-- Work Entry Type -->
        <record id="work_entry_type_attendance" model="hr.work.entry.type">
            <field name="name">Attendance</field>
            <field name="color">0</field>
            <field name="code">WORK100</field>
        </record>

        <record id="overtime_work_entry_type" model="hr.work.entry.type">
            <field name="name">Overtime Hours</field>
            <field name="color">4</field>
            <field name="code">OVERTIME</field>
        </record>
    </data>
</odoo>
