<?xml version="1.0" encoding="utf-8"?>
<odoo>
    <data noupdate="1">
        <record id="ir_cron_generate_missing_work_entries" model="ir.cron">
            <field name="name">Generate Missing Work Entries</field>
            <field name="model_id" ref="hr_contract.model_hr_contract"/>
            <field name="state">code</field>
            <field name="code">model._cron_generate_missing_work_entries()</field>
            <field name="active" eval="True"/>
            <field name="user_id" ref="base.user_root"/>
            <field name="interval_number">1</field>
            <field name="interval_type">days</field>
            <field name="numbercall">-1</field>
            <field name="doall" eval="False"/>
        </record>
    </data>
</odoo>
